Year,Year1,Pool_Num,Reach,Pool_Type,Structure_Type,RA_Num,Morphology_Pre,Station_Upstream,Station_Downstream,MPZ,RCZ,RPD,Comments
2010_2013,Year_0,1,Reddy,LS,NN,NN,riffle,125,300,0,0,0,riffle
2013,Year_1,1,Reddy,LS,NN,NN,riffle,125,300,9351.73,9354.75,3.02,
2014,Year_2,1,Reddy,LS,NN,NN,riffle,125,300,9352.97,9354.21,1.24,
2015,Year_3,1,Reddy,LS,NN,NN,riffle,100,275,9352.99,9354.43,1.44,
2016,Year_4,1,Reddy,LS,NN,NN,riffle,100,275,9352.72,9353.88,1.16,
2017,Year_5,1,Reddy,LS,NN,NN,riffle,100,275,9352.99,9354.27,1.28,
2018,Year_6,1,Reddy,LS,NN,NN,riffle,125,325,9352.77,9354.39,1.62,
2010_2013,Year_0,2,Reddy,LS,WT,1,pool,350,475,9351.65,9353.62,1.97,
2013,Year_1,2,Reddy,LS,WT,1,pool,350,450,9351.62,9354.19,2.57,
2014,Year_2,2,Reddy,LS,WT,1,pool,350,450,9351,9353.55,2.55,
2015,Year_3,2,Reddy,LS,WT,1,pool,325,450,9350.9,9354.04,3.14,
2016,Year_4,2,Reddy,LS,WT,1,pool,300,425,9350.61,9353.73,3.12,
2017,Year_5,2,Reddy,LS,WT,1,pool,325,450,9351.12,9353.75,2.63,
2018,Year_6,2,Reddy,LS,WT,1,pool,350,475,9350.43,9353.97,3.54,
2010_2013,Year_0,3,Reddy,LS,NN,NN,pool,675,775,9351.15,9352.4,1.25,pool
2013,Year_1,3,Reddy,LS,NN,NN,pool,650,750,9350.33,9352.34,2.01,
2014,Year_2,3,Reddy,LS,NN,NN,pool,650,750,9350.52,9352.28,1.76,
2015,Year_3,3,Reddy,LS,NN,NN,pool,650,750,9350.62,9352.18,1.56,
2016,Year_4,3,Reddy,LS,NN,NN,pool,625,725,9351.06,9352.09,1.03,
2017,Year_5,3,Reddy,LS,NN,NN,pool,650,750,9350.93,9351.8,0.87,
2018,Year_6,3,Reddy,LS,NN,NN,pool,675,775,9350.92,9351.92,1,
2010_2013,Year_0,4,Reddy,LS,WT,3,pool,850,950,9349.81,9350.43,0.62,Looks like pool starts around station 900 based on aerial image of preexsiting conditon
2013,Year_1,4,Reddy,LS,WT,3,pool,825,925,9348.45,9350.82,2.37,
2014,Year_2,4,Reddy,LS,WT,3,pool,825,950,9348.02,9350.35,2.33,
2015,Year_3,4,Reddy,LS,WT,3,pool,800,925,9347.88,9349.84,1.96,
2016,Year_4,4,Reddy,LS,WT,3,pool,775,900,9348.17,9350.15,1.98,
2017,Year_5,4,Reddy,LS,WT,3,pool,800,950,9348.14,9350.14,2,
2018,Year_6,4,Reddy,LS,WT,3,pool,825,975,9348.16,9350.13,1.97,
2010_2013,Year_0,5,Reddy,MC,BC,4,riffle,1000,1100,0,0,0,
2013,Year_1,5,Reddy,MC,BC,4,riffle,1000,1075,9347.28,9350.06,2.78,
2014,Year_2,5,Reddy,MC,BC,4,riffle,1000,1125,9349.11,9349.52,0.41,
2015,Year_3,5,Reddy,MC,BC,4,riffle,1000,1100,9349.02,9349.52,0.5,"pool has mostly filled in, but is still somewhat evident"
2016,Year_4,5,Reddy,MC,BC,4,riffle,975,1050,9349.08,9349.52,0.44,pool still somewhat evident
2017,Year_5,5,Reddy,MC,BC,4,riffle,1000,1100,9348.82,9349.65,0.83,pretty subjective if/where the riffle crest occurs
2018,Year_6,5,Reddy,MC,BC,4,riffle,1025,1125,9349.1,9349.61,0.51,changed MPZ
2010_2013,Year_0,7,Reddy,PL,LV,6,riffle,1300,1425,0,0,0,riffle
2013,Year_1,7,Reddy,PL,LV,6,riffle,1300,1400,9346.23,9347.9,1.67,
2015,Year_3,7,Reddy,PL,LV,6,riffle,1325,1425,9347.32,9347.91,0.59,
2016,Year_4,7,Reddy,PL,LV,6,riffle,1300,1375,9347.07,9347.19,0.12,"survey probably missed MPZ, but let's use the data we have"
2017,Year_5,7,Reddy,PL,LV,6,riffle,1300,1425,9347.14,9347.32,0.18,
2018,Year_6,7,Reddy,PL,LV,6,riffle,1350,1450,9346.97,9347.33,0.36,
2010_2013,Year_0,8,Reddy,LS,NN,NN,pool,1475,1625,9345.51,9346.37,0.86,
2013,Year_1,8,Reddy,LS,NN,NN,pool,1475,1625,9344.22,9345.85,1.63,
2014,Year_2,8,Reddy,LS,NN,NN,pool,1500,1650,9344.91,9345.72,0.81,
2015,Year_3,8,Reddy,LS,NN,NN,pool,1500,1625,9345.07,9345.55,0.48,
2016,Year_4,8,Reddy,LS,NN,NN,pool,1475,1600,9344.97,9345.57,0.6,ok
2017,Year_5,8,Reddy,LS,NN,NN,pool,1500,1650,9345.04,9345.66,0.62,
2018,Year_6,8,Reddy,LS,NN,NN,pool,1525,1675,9344.97,9345.68,0.71,
2010_2013,Year_0,9,Reddy,CV,LBV/WT,"12, 13",pool,1700,1900,9341.76,9344.86,3.1,"this was a compoud pool that we have separated into two pools, #9 and #10, but I have combined into into once pool and deleted pool #10"
2013,Year_1,9,Reddy,CV,LBV/WT,"12, 13",pool,1700,1850,9342.28,9345.58,3.3,
2014,Year_2,9,Reddy,CV,LBV/WT,"12, 13",pool,1700,1900,9342.91,9345.46,2.55,
2015,Year_3,9,Reddy,CV,LBV/WT,"12, 13",pool,1700,1875,9342.19,9345.57,3.38,
2016,Year_4,9,Reddy,CV,LBV/WT,"12, 13",pool,1700,1850,9341.61,9345.56,3.95,
2017,Year_5,9,Reddy,CV,LBV/WT,"12, 13",pool,1700,1875,9342.32,9344.41,2.09,
2018,Year_6,9,Reddy,CV,LBV/WT,"12, 13",pool,1750,1925,9341.99,9344.38,2.39,
2010_2013,Year_0,11,Reddy,PL,LBV,14,riffle,1875,1950,0,0,0,changed from riffle to pool
2013,Year_1,11,Reddy,PL,LBV,14,riffle,1875,1950,9342.42,9344.27,1.85,
2014,Year_2,11,Reddy,PL,LBV,14,riffle,1875,1950,9342.46,9343.81,1.35,changed RCZ
2015,Year_3,11,Reddy,PL,LBV,14,riffle,1875,1950,9342.41,9344.24,1.83,
2016,Year_4,11,Reddy,PL,LBV,14,riffle,1850,1925,9342.39,9344.32,1.93,changed RCZ
2017,Year_5,11,Reddy,PL,LBV,14,riffle,1875,1950,9342.37,9344.21,1.84,
2018,Year_6,11,Reddy,PL,LBV,14,riffle,1900,1975,9342.44,9344.71,2.27,"doesn't make too much sense that the pool got deeper over time… ER, there is a structure and a lot of sediment must have deposited on the riffle crest downstream"
2010_2013,Year_0,12,Reddy,LS,NN,NN,pool,2100,2250,9341.4,9342.09,0.69,
2013,Year_1,12,Reddy,LS,NN,NN,pool,2075,2225,9340.59,9341.65,1.06,
2014,Year_2,12,Reddy,LS,NN,NN,pool,2125,2250,9340.42,9341.45,1.03,
2015,Year_3,12,Reddy,LS,NN,NN,pool,2100,2250,9340.43,9341.8,1.37,
2016,Year_4,12,Reddy,LS,NN,NN,pool,2075,2225,9340.08,9341.83,1.75,
2017,Year_5,12,Reddy,LS,NN,NN,pool,2100,2250,9340.25,9341.88,1.63,
2018,Year_6,12,Reddy,LS,NN,NN,pool,2150,2300,9340.18,9342.02,1.84,
2010_2013,Year_0,14,Reddy,PL,LV,15,riffle,2400,2525,0,0,0,riffle
2013,Year_1,14,Reddy,PL,LV,15,riffle,2375,2475,9339.85,9341.64,1.79,
2014,Year_2,14,Reddy,PL,LV,15,riffle,2400,2550,9340.13,9341.64,1.51,
2015,Year_3,14,Reddy,PL,LV,15,riffle,2400,2550,9340.11,9341.41,1.3,seems like it got scoured back out again this year
2016,Year_4,14,Reddy,PL,LV,15,riffle,2375,2475,9339.99,9341.44,1.45,
2017,Year_5,14,Reddy,PL,LV,15,riffle,2400,2550,9340.37,9341.59,1.22,
2018,Year_6,14,Reddy,PL,LV,15,riffle,2450,2550,9340.1,9341.54,1.44,
2010_2013,Year_0,15,Reddy,PL,LV,16,riffle,2525,2600,0,0,0,riffle
2013,Year_1,15,Reddy,PL,LV,16,riffle,2475,2550,9340.37,9341.69,1.32,
2014,Year_2,15,Reddy,PL,LV,16,riffle,2525,2625,9340.52,9341.34,0.82,
2015,Year_3,15,Reddy,PL,LV,16,riffle,2525,2625,9340.57,9341.4,0.83,
2016,Year_4,15,Reddy,PL,LV,16,riffle,2475,2600,9340.29,9341.18,0.89,
2017,Year_5,15,Reddy,PL,LV,16,riffle,2525,2625,9340.22,9341.06,0.84,
2018,Year_6,15,Reddy,PL,LV,16,riffle,2550,2650,9340.53,9340.97,0.44,
2010_2013,Year_0,17,Reddy,PL,LV,19,riffle,2900,3025,0,0,0,riffle
2013,Year_1,17,Reddy,PL,LV,19,riffle,2875,3000,9335.95,9338.17,2.22,
2015,Year_3,17,Reddy,PL,LV,19,riffle,2925,3050,9336.7,9337.9,1.2,longpro looks good
2016,Year_4,17,Reddy,PL,LV,19,riffle,2900,3025,9336.4,9338.02,1.62,
2017,Year_5,17,Reddy,PL,LV,19,riffle,2950,3050,9336.88,9337.86,0.98,"survey may have missed deepest spot in the pool, but we can use the data we have"
2018,Year_6,17,Reddy,PL,LV,19,riffle,2975,3050,9336.61,9338.04,1.43,
2010_2013,Year_0,18,Reddy,PL,LV,21,riffle,3100,3175,0,0,0,riffle
2013,Year_1,18,Reddy,PL,LV,21,riffle,3075,3150,9336.56,9337.4,0.84,
2014,Year_2,18,Reddy,PL,LV,21,riffle,3125,3200,0,0,0,
2015,Year_3,18,Reddy,PL,LV,21,riffle,3100,3200,0,0,0,
2016,Year_4,18,Reddy,PL,LV,21,riffle,3100,3075,0,0,0,
2017,Year_5,18,Reddy,PL,LV,21,riffle,3150,3225,0,0,0,
2018,Year_6,18,Reddy,PL,LV,21,riffle,3175,3250,9336.12,9337.19,1.07,becamse a pool again here
2010_2013,Year_0,19,Reddy,PL,LV,22,riffle,3175,3250,0,0,0,riffle
2013,Year_1,19,Reddy,PL,LV,22,riffle,3150,3250,9334.47,9337.15,2.68,
2014,Year_2,19,Reddy,PL,LV,22,riffle,3200,3325,9335.37,9336.5,1.13,
2015,Year_3,19,Reddy,PL,LV,22,riffle,3075,3300,9334.95,9336.59,1.64,
2016,Year_4,19,Reddy,PL,LV,22,riffle,3150,3250,9334.9,9336.39,1.49,
2017,Year_5,19,Reddy,PL,LV,22,riffle,3200,3300,9335.19,9336.58,1.39,
2018,Year_6,19,Reddy,PL,LV,22,riffle,3250,3350,9334.96,9336.47,1.51,looks good
2010_2013,Year_0,20,Reddy,PL,LV,23,riffle,3375,3475,0,0,0,riffle
2013,Year_1,20,Reddy,PL,LV,23,riffle,3350,3450,9334.6,9335.31,0.71,
2014,Year_2,20,Reddy,PL,LV,23,riffle,3400,3500,9334.49,9334.87,0.38,
2015,Year_3,20,Reddy,PL,LV,23,riffle,3400,3500,9334.58,9334.91,0.33,
2016,Year_4,20,Reddy,PL,LV,23,riffle,3400,3500,9334.7,9334.84,0.14,
2017,Year_5,20,Reddy,PL,LV,23,riffle,3425,3525,0,0,0,pool may have moved a bit downstream
2018,Year_6,20,Reddy,PL,LV,23,riffle,3475,3550,0,0,0,pool may have moved a bit downstream
2010_2013,Year_0,21,Reddy,LS,NN,NN,pool,4000,4100,9329.7,9330.53,0.83,
2013,Year_1,21,Reddy,LS,NN,NN,pool,3975,4075,9329.64,9330.49,0.85,
2014,Year_2,21,Reddy,LS,NN,NN,pool,4025,4125,9329.61,9329.99,0.38,
2015,Year_3,21,Reddy,LS,NN,NN,pool,4025,4125,9329.48,9330.35,0.87,
2016,Year_4,21,Reddy,LS,NN,NN,pool,4025,4125,9329.84,9330.39,0.55,
2017,Year_5,21,Reddy,LS,NN,NN,pool,4075,4150,9329.35,9330.3,0.95,
2018,Year_6,21,Reddy,LS,NN,NN,pool,4100,4200,9329.36,9330.04,0.68,
2010_2013,Year_0,22,Reddy,LS,NN,NN,pool,4100,4200,9328.28,9330.56,2.28,
2013,Year_1,22,Reddy,LS,NN,NN,pool,4050,4175,9328.17,9330.79,2.62,
2014,Year_2,22,Reddy,LS,NN,NN,pool,4125,4225,9328.02,9330.31,2.29,
2015,Year_3,22,Reddy,LS,NN,NN,pool,4125,4225,9327.57,9330.38,2.81,
2016,Year_4,22,Reddy,LS,NN,NN,pool,4125,4225,9327.78,9330.37,2.59,
2017,Year_5,22,Reddy,LS,NN,NN,pool,4150,4225,9328.06,9330.29,2.23,
2018,Year_6,22,Reddy,LS,NN,NN,pool,4200,4300,9327.7,9330.23,2.53,
2010_2013,Year_0,23,Reddy,LS,NN,NN,riffle,4475,4550,0,0,0,riffle
2013,Year_1,23,Reddy,LS,NN,NN,riffle,4425,4550,9326.15,9327.79,1.64,revised
2014,Year_2,23,Reddy,LS,NN,NN,riffle,4475,4575,9326.86,9327.78,0.92,revised
2015,Year_3,23,Reddy,LS,NN,NN,riffle,4500,4600,9327.08,9327.8,0.72,revised
2016,Year_4,23,Reddy,LS,NN,NN,riffle,4475,4600,9326.89,9327.62,0.73,revised
2017,Year_5,23,Reddy,LS,NN,NN,riffle,4500,4625,9326.94,9327.72,0.78,revised
2018,Year_6,23,Reddy,LS,NN,NN,riffle,4575,4675,9326.8,9327.87,1.07,revised
2010_2013,Year_0,24,Reddy,PL,LV,26,riffle,5125,5250,0,0,0,riffle
2013,Year_1,24,Reddy,PL,LV,26,riffle,5050,5200,9322.2,9324.42,2.22,
2014,Year_2,24,Reddy,PL,LV,26,riffle,5125,5250,9323.08,9323.77,0.69,
2015,Year_3,24,Reddy,PL,LV,26,riffle,5150,5250,9322.88,9324.1,1.22,
2016,Year_4,24,Reddy,PL,LV,26,riffle,5150,5250,9323.02,9324.03,1.01,
2017,Year_5,24,Reddy,PL,LV,26,riffle,5175,5300,9323.19,9323.97,0.78,
2018,Year_6,24,Reddy,PL,LV,26,riffle,5250,5350,9322.87,9324.04,1.17,
2010_2013,Year_0,25,Reddy,MC,NN,NN,riffle,5375,5550,0,0,0,riffle
2013,Year_1,25,Reddy,MC,NN,NN,riffle,5300,5500,9320,9322.73,2.73,
2014,Year_2,25,Reddy,MC,NN,NN,riffle,5350,5550,0,0,0,
2015,Year_3,25,Reddy,MC,NN,NN,riffle,5375,5550,0,0,0,
2016,Year_4,25,Reddy,MC,NN,NN,riffle,5375,5575,0,0,0,
2017,Year_5,25,Reddy,MC,NN,NN,riffle,5425,5575,0,0,0,
2018,Year_6,25,Reddy,MC,NN,NN,riffle,5475,5650,9322.23,9322.53,0.3,
2010_2013,Year_0,26,Reddy,LS,BC,132,pool,5600,5800,9319.47,9321.1,1.63,
2013,Year_1,26,Reddy,LS,BC,132,pool,5550,5725,9319.23,9320.47,1.24,
2014,Year_2,26,Reddy,LS,BC,132,pool,5575,5750,9319.73,9320.82,1.09,
2015,Year_3,26,Reddy,LS,BC,132,pool,5600,5800,9319.36,9320.46,1.1,
2016,Year_4,26,Reddy,LS,BC,132,pool,5600,5800,9319.16,9320.87,1.71,
2017,Year_5,26,Reddy,LS,BC,132,pool,5650,5825,9318.92,9320.51,1.59,
2018,Year_6,26,Reddy,LS,BC,132,pool,5700,5900,9319.58,9320.63,1.05,
2010_2013,Year_0,27,Reddy,LS,WT,29,riffle,5950,6125,0,0,0,riffle
2013,Year_1,27,Reddy,LS,WT,29,riffle,5875,6075,9316.49,9319.15,2.66,
2014,Year_2,27,Reddy,LS,WT,29,riffle,5900,6100,9317.06,9318.43,1.37,
2015,Year_3,27,Reddy,LS,WT,29,riffle,5950,6125,9317.31,9318.27,0.96,
2016,Year_4,27,Reddy,LS,WT,29,riffle,5950,6125,9317.47,9318.35,0.88,
2017,Year_5,27,Reddy,LS,WT,29,riffle,5975,6150,9317.18,9318.15,0.97,
2018,Year_6,27,Reddy,LS,WT,29,riffle,6050,6225,9317.2,9318.17,0.97,
2010_2013,Year_0,28,Reddy,PL,LV,30,riffle,6200,6250,0,0,0,riffle
2013,Year_1,28,Reddy,PL,LV,30,riffle,6125,6150,9316.21,9317.88,1.67,log vane
2014,Year_2,28,Reddy,PL,LV,30,riffle,6150,6200,9316.02,9318.12,2.1,"compound pool no longer evident, RCZ is downstream log vane (#31)"
2015,Year_3,28,Reddy,PL,LV,30,riffle,6200,6250,9315.47,9316.6,1.13,downstream log vane failied 2015
2016,Year_4,28,Reddy,PL,LV,30,riffle,6200,6250,9315.41,9317.02,1.61,
2017,Year_5,28,Reddy,PL,LV,30,riffle,6250,6275,9315.42,9316.84,1.42,
2018,Year_6,28,Reddy,PL,LV,30,riffle,6300,6350,9315.56,9316.84,1.28,
2010_2013,Year_0,29,Reddy,MC,NN,NN,riffle,6250,6300,0,0,0,riffle
2013,Year_1,29,Reddy,MC,NN,NN,riffle,6150,6225,9316.25,9318.49,2.24,"compound pool with pool #28, pool inbetween two log vanes"
2014,Year_2,29,Reddy,MC,NN,NN,riffle,6200,6250,0,0,0,compound pool no longer evident
2015,Year_3,29,Reddy,MC,NN,NN,riffle,6250,6300,0,0,0,compound pool no longer evident
2016,Year_4,29,Reddy,MC,NN,NN,riffle,6250,6300,0,0,0,compound pool no longer evident
2017,Year_5,29,Reddy,MC,NN,NN,riffle,6275,6325,0,0,0,compound pool no longer evident
2018,Year_6,29,Reddy,MC,NN,NN,riffle,6325,6400,0,0,0,compound pool no longer evident
2010_2013,Year_0,30,Reddy,PL,LV,31,riffle,6300,6375,0,0,0,riffle
2013,Year_1,30,Reddy,PL,LV,31,riffle,6200,6300,9314.51,9317.28,2.77,log vane
2014,Year_2,30,Reddy,PL,LV,31,riffle,6250,6350,9315.85,9316.66,0.81,
2015,Year_3,30,Reddy,PL,LV,31,riffle,6300,6375,0,0,0,"log vane failed 2015, there is now a single pool (#28) in this location that is associated with log vane #30 upstream"
2016,Year_4,30,Reddy,PL,LV,31,riffle,6300,6375,0,0,0,
2017,Year_5,30,Reddy,PL,LV,31,riffle,6325,6400,0,0,0,
2018,Year_6,30,Reddy,PL,LV,31,riffle,6400,6475,0,0,0,
2010_2013,Year_0,31,Reddy,MC,NN,NN,riffle,6575,6700,0,0,0,riffle
2013,Year_1,31,Reddy,MC,NN,NN,riffle,6500,6625,9312.41,9315.08,2.67,
2014,Year_2,31,Reddy,MC,NN,NN,riffle,6575,6650,9313.84,9314.78,0.94,
2015,Year_3,31,Reddy,MC,NN,NN,riffle,6575,6700,9314.24,9314.68,0.44,almost filled in
2016,Year_4,31,Reddy,MC,NN,NN,riffle,6575,6660,9314.37,9314.51,0.14,"almost filled in, survey does not follow thalweg after station 6660"
2017,Year_5,31,Reddy,MC,NN,NN,riffle,6600,6725,0,0,0,filled in
2018,Year_6,31,Reddy,MC,NN,NN,riffle,6675,6800,0,0,0,filled in
2010_2013,Year_0,32,Reddy,LS,BC,33,riffle,6850,7025,0,0,0,
2013,Year_1,32,Reddy,LS,BC,33,riffle,6775,6925,9309.56,9312.59,3.03,
2014,Year_2,32,Reddy,LS,BC,33,riffle,6800,6975,9310.57,9312.09,1.52,
2015,Year_3,32,Reddy,LS,BC,33,riffle,6875,7025,9310.85,9312.37,1.52,
2017,Year_5,32,Reddy,LS,BC,33,riffle,6875,7025,9311.21,9312.15,0.94,
2018,Year_6,32,Reddy,LS,BC,33,riffle,6975,7125,9311,9312.06,1.06,
2010_2013,Year_0,33,Hayden,PL,LV,35,riffle,250,350,0,0,0,riffle
2014,Year_1,33,Hayden,PL,LV,35,riffle,150,250,9302.97,9303.14,0.17,
2015,Year_2,33,Hayden,PL,LV,35,riffle,150,250,0,0,0,
2016,Year_3,33,Hayden,PL,LV,35,riffle,125,225,9302.54,9302.87,0.33,
2017,Year_4,33,Hayden,PL,LV,35,riffle,125,225,0,0,0,
2018,Year_5,33,Hayden,PL,LV,35,riffle,100,200,0,0,0,
2010_2013,Year_0,34,Hayden,MC,NN,NN,pool,350,450,9301.74,9302.03,0.29,
2014,Year_1,34,Hayden,MC,NN,NN,pool,250,350,9302.07,9302.64,0.57,
2015,Year_2,34,Hayden,MC,NN,NN,pool,250,350,9302.08,9302.65,0.57,
2016,Year_3,34,Hayden,MC,NN,NN,pool,225,325,9302.05,9302.68,0.63,
2017,Year_4,34,Hayden,MC,NN,NN,pool,250,350,9302.29,9302.88,0.59,
2018,Year_5,34,Hayden,MC,NN,NN,pool,200,325,9302.04,9302.81,0.77,
2010_2013,Year_0,35,Hayden,PL,LV/WT,"36, 37",riffle,450,550,0,0,0,riffle
2014,Year_1,35,Hayden,PL,LV/WT,"36, 37",riffle,350,450,9300.94,9301.89,0.95,
2015,Year_2,35,Hayden,PL,LV/WT,"36, 37",riffle,350,450,9301.01,9301.71,0.7,
2016,Year_3,35,Hayden,PL,LV/WT,"36, 37",riffle,325,425,9301.19,9302.09,0.9,
2017,Year_4,35,Hayden,PL,LV/WT,"36, 37",riffle,325,425,9300.86,9302.08,1.22,
2018,Year_5,35,Hayden,PL,LV/WT,"36, 37",riffle,325,425,9300.88,9301.93,1.05,
2010_2013,Year_0,37,Hayden,PL,LV,38,riffle,600,675,0,0,0,riffle
2014,Year_1,37,Hayden,PL,LV,38,riffle,475,550,9300.8,9300.98,0.18,It seems like the pool is very small and starts just after station 500ft in GIS filebased off GIS file
2015,Year_2,37,Hayden,PL,LV,38,riffle,500,600,9300.93,9301.32,0.39,
2016,Year_3,37,Hayden,PL,LV,38,riffle,475,575,9301.1,9301.36,0.26,
2017,Year_4,37,Hayden,PL,LV,38,riffle,475,575,9300.79,9301.48,0.69,
2018,Year_5,37,Hayden,PL,LV,38,riffle,475,550,9300.57,9301.32,0.75,"pool is small, at station 480"
2010_2013,Year_0,38,Hayden,LS,NN,NN,pool,700,900,9297.49,9298.98,1.49,
2014,Year_1,38,Hayden,LS,NN,NN,pool,600,775,9297.89,9299.97,2.08,not sure where exactly rpz is
2015,Year_2,38,Hayden,LS,NN,NN,pool,625,800,9297.17,9299.92,2.75,
2016,Year_3,38,Hayden,LS,NN,NN,pool,600,775,9297.08,9299.74,2.66,
2017,Year_4,38,Hayden,LS,NN,NN,pool,600,775,9296.91,9299.98,3.07,
2018,Year_5,38,Hayden,LS,NN,NN,pool,575,750,9297.29,9299.9,2.61,
2010_2013,Year_0,40,Hayden,MC,BC,41,riffle,1300,1425,0,0,0,riffle
2014,Year_1,40,Hayden,MC,BC,41,riffle,1200,1300,9295.94,9296.46,0.52,
2015,Year_2,40,Hayden,MC,BC,41,riffle,1225,1325,9295.76,9296.36,0.6,
2016,Year_3,40,Hayden,MC,BC,41,riffle,1175,1300,9295.82,9296.67,0.85,
2017,Year_4,40,Hayden,MC,BC,41,riffle,1225,1325,9295.92,9297.08,1.16,
2018,Year_5,40,Hayden,MC,BC,41,riffle,1175,1300,9295.88,9296.62,0.74,
2010_2013,Year_0,41,Hayden,LS,LV/WT,"42, 43",pool,1425,1650,9295.33,9296.61,1.28,"pool, riffle crest near station 1650"
2014,Year_1,41,Hayden,LS,LV/WT,"42, 43",pool,1300,1550,9293.36,9295.34,1.98,
2015,Year_2,41,Hayden,LS,LV/WT,"42, 43",pool,1325,1450,9293.02,9295.71,2.69,
2016,Year_3,41,Hayden,LS,LV/WT,"42, 43",pool,1300,1425,9293.36,9295.63,2.27,
2017,Year_4,41,Hayden,LS,LV/WT,"42, 43",pool,1325,1450,9293.19,9295.41,2.22,
2018,Year_5,41,Hayden,LS,LV/WT,"42, 43",pool,1300,1425,9293.01,9295.38,2.37,riffle crest at station 1545
2010_2013,Year_0,42,Hayden,MC,BC,47,pool,1850,2000,9292.69,9293.08,0.39,pool
2014,Year_1,42,Hayden,MC,BC,47,pool,1800,1950,9291.44,9293.12,1.68,
2015,Year_2,42,Hayden,MC,BC,47,pool,1825,1975,9292.11,9292.92,0.81,
2016,Year_3,42,Hayden,MC,BC,47,pool,1800,1950,9291.83,9293.18,1.35,
2017,Year_4,42,Hayden,MC,BC,47,pool,1850,2000,9291.76,9293.03,1.27,
2018,Year_5,42,Hayden,MC,BC,47,pool,1800,1950,9291.75,9292.86,1.11,
2010_2013,Year_0,43,Hayden,PL,LV,48,pool,2050,2200,9289.62,9292.01,2.39,pool
2014,Year_1,43,Hayden,PL,LV,48,pool,2000,2175,9290.63,9291.73,1.1,"log vane failed 2014, moved RCZ downstreawm"
2015,Year_2,43,Hayden,PL,LV,48,pool,2050,2200,9291.03,9291.61,0.58,
2016,Year_3,43,Hayden,PL,LV,48,pool,2025,2150,9289.88,9291.9,2.02,"might be a triangle or might be that there's only one measurement in the middle of the pool; ER - there are still anchor boulders in this location from the failed log vane, perhaps these boulders are some of the triangles on the longpro"
2017,Year_4,43,Hayden,PL,LV,48,pool,2050,2225,9290.27,9291.69,1.42,moved RCZ downstream to station 2203
2018,Year_5,43,Hayden,PL,LV,48,pool,2025,2175,9290.03,9291.76,1.73,
2010_2013,Year_0,45,Hayden,LS,WT,50,riffle,2875,3100,0,0,0,riffle
2014,Year_1,45,Hayden,LS,WT,50,riffle,2900,3125,9282.65,9285.85,3.2,"bad triangle likely due to nearby bank survey point, moved RCZ to station 3119"
2015,Year_2,45,Hayden,LS,WT,50,riffle,2925,3125,9282.99,9285.13,2.14,
2016,Year_3,45,Hayden,LS,WT,50,riffle,2900,3100,9282.69,9285.13,2.44,moved RCZ downstream to station 3140
2017,Year_4,45,Hayden,LS,WT,50,riffle,2975,3175,9283.08,9285.14,2.06,RCZ location is good
2018,Year_5,45,Hayden,LS,WT,50,riffle,2950,3150,9282.61,9285.29,2.68,
2010_2013,Year_0,46,Hayden,LS,NN,NN,riffle,4000,4250,0,0,0,
2014,Year_1,46,Hayden,LS,NN,NN,riffle,4000,4250,9276.85,9278.54,1.69,
2015,Year_2,46,Hayden,LS,NN,NN,riffle,4050,4300,9276.73,9278.96,2.23,
2016,Year_3,46,Hayden,LS,NN,NN,riffle,4000,4250,9276.47,9278.58,2.11,
2017,Year_4,46,Hayden,LS,NN,NN,riffle,4100,4350,9276.74,9278.61,1.87,
2018,Year_5,46,Hayden,LS,NN,NN,riffle,4050,4300,9276.91,9278.7,1.79,
2010_2013,Year_0,47,Hayden,LS,BV,57,riffle,4375,4450,0,0,0,riffle
2014,Year_1,47,Hayden,LS,BV,57,riffle,4375,4450,9275.98,9276.32,0.34,interpreted like it is a bit downstream from where it's represented in GIS
2015,Year_2,47,Hayden,LS,BV,57,riffle,4400,4475,9275.65,9276.67,1.02,
2016,Year_3,47,Hayden,LS,BV,57,riffle,4375,4450,9275.93,9276.31,0.38,boulder vane removed spring of 2016
2017,Year_4,47,Hayden,LS,BV,57,riffle,4475,4550,9275.49,9276.54,1.05,
2018,Year_5,47,Hayden,LS,BV,57,riffle,4400,4500,9275.65,9276.6,0.95,
2010_2013,Year_0,48,Hayden,LS,LV/WT,"58, 59",pool,5300,5525,9268.95,9269.97,1.02,
2014,Year_1,48,Hayden,LS,LV/WT,"58, 59",pool,5275,5450,9270.1,9272.15,2.05,
2015,Year_2,48,Hayden,LS,LV/WT,"58, 59",pool,5250,5425,9267.73,9271.65,3.92,"scour in this location was expected, downstream grade control is also controlling RCZ"
2016,Year_3,48,Hayden,LS,LV/WT,"58, 59",pool,5250,5425,9268.08,9272.46,4.38,
2017,Year_4,48,Hayden,LS,LV/WT,"58, 59",pool,5350,5550,9267.83,9271.36,3.53,
2018,Year_5,48,Hayden,LS,LV/WT,"58, 59",pool,5300,5525,9267.99,9271.58,3.59,
2010_2013,Year_0,50,Hayden,MC,NN,NN,pool,6025,6150,9265.72,9266.46,0.74,pool
2014,Year_1,50,Hayden,MC,NN,NN,pool,5950,6075,9264.59,9266.65,2.06,
2015,Year_2,50,Hayden,MC,NN,NN,pool,5950,6050,9264.75,9266.95,2.2,
2016,Year_3,50,Hayden,MC,NN,NN,pool,5950,6050,9264.62,9266.89,2.27,
2017,Year_4,50,Hayden,MC,NN,NN,pool,6075,6225,9264.74,9266.82,2.08,
2018,Year_5,50,Hayden,MC,NN,NN,pool,6025,6150,9264.63,9266.39,1.76,
2010_2013,Year_0,51,Hayden,CV,NN,NN,pool,6250,6425,9262.73,9264.83,2.1,
2014,Year_1,51,Hayden,CV,NN,NN,pool,6150,6325,9262.94,9264.94,2,
2015,Year_2,51,Hayden,CV,NN,NN,pool,6150,6325,9262.78,9265.01,2.23,
2016,Year_3,51,Hayden,CV,NN,NN,pool,6150,6325,9262.7,9264.94,2.24,
2017,Year_4,51,Hayden,CV,NN,NN,pool,6275,6475,9262.89,9264.95,2.06,
2018,Year_5,51,Hayden,CV,NN,NN,pool,6225,6425,9262.85,9264.83,1.98,
2010_2013,Year_0,52,Hayden,PL,LV,64,pool,6475,6600,9261.87,9263.06,1.19,changed morphology to pool
2014,Year_1,52,Hayden,PL,LV,64,pool,6375,6500,9262.97,9264.56,1.59,extracted new profile for this pool to capture thalweg
2016,Year_3,52,Hayden,PL,LV,64,pool,6375,6500,9262.23,9263.63,1.4,
2017,Year_4,52,Hayden,PL,LV,64,pool,6550,6650,9262.18,9263.13,0.95,
2018,Year_5,52,Hayden,PL,LV,64,pool,6475,6600,9262.25,9263.09,0.84,
2010_2013,Year_0,54,Hayden,LS,LV/WT,"67, 68",pool,6600,6800,9259.98,9262.93,2.95,pool
2014,Year_1,54,Hayden,LS,LV/WT,"67, 68",pool,6500,6675,9260.37,9262.41,2.04,"elevations were pulled from survey data new profile, as thalweg line missed the head of the pool"
2015,Year_2,54,Hayden,LS,LV/WT,"67, 68",pool,6500,6675,9259.69,9262.23,2.54,
2016,Year_3,54,Hayden,LS,LV/WT,"67, 68",pool,6525,6700,9259.79,9262.63,2.84,
2017,Year_4,54,Hayden,LS,LV/WT,"67, 68",pool,6700,6850,9260.06,9262.69,2.63,
2018,Year_5,54,Hayden,LS,LV/WT,"67, 68",pool,6625,6775,9260.22,9262.43,2.21,
2010_2013,Year_0,55,Hayden,LS,NN,NN,pool,6850,7150,9259.64,9260.28,0.64,pool; moved RCZ downstream
2014,Year_1,55,Hayden,LS,NN,NN,pool,6750,6975,9259.19,9260.55,1.36,
2015,Year_2,55,Hayden,LS,NN,NN,pool,6750,6975,9259.57,9260.44,0.87,
2016,Year_3,55,Hayden,LS,NN,NN,pool,6775,7000,9259.45,9260.72,1.27,
2017,Year_4,55,Hayden,LS,NN,NN,pool,6950,7200,9259.17,9260.49,1.32,
2018,Year_5,55,Hayden,LS,NN,NN,pool,6875,7175,9259.48,9260.48,1,
2010_2013,Year_0,57,Hayden,LS,BC,70,pool,7250,7350,9257.33,9258.39,1.06,there was a single long pool here prior to construction
2014,Year_1,57,Hayden,LS,BC,70,pool,7125,7250,9257.85,9258.23,0.38,very small pool that is part of a larger compound pool
2015,Year_2,57,Hayden,LS,BC,70,pool,7150,7250,0,0,0,"got abosrbed into pool 59 I'd say, or survey points lacked resolution"
2016,Year_3,57,Hayden,LS,BC,70,pool,7175,7250,9257.7,9258.22,0.52,
2017,Year_4,57,Hayden,LS,BC,70,pool,7375,7450,9257.7,9257.87,0.17,
2018,Year_5,57,Hayden,LS,BC,70,pool,7275,7350,9257.61,9257.84,0.23,
2010_2013,Year_0,59,Hayden,LS,NN,NN,pool,7350,7525,9257.33,9258.39,1.06,pool; long single pool that includes pool #57 and #59
2014,Year_1,59,Hayden,LS,NN,NN,pool,7250,7375,9256.48,9258.36,1.88,
2015,Year_2,59,Hayden,LS,NN,NN,pool,7250,7400,9255.87,9258.52,2.65,"pool got larger over time, worth double checking - it was long prior to construction"
2016,Year_3,59,Hayden,LS,NN,NN,pool,7250,7450,9255.75,9258.36,2.61,
2017,Year_4,59,Hayden,LS,NN,NN,pool,7475,7625,9255.65,9258.36,2.71,
2018,Year_5,59,Hayden,LS,NN,NN,pool,7375,7550,9255.54,9258.49,2.95,
2010_2013,Year_0,60,Hayden,LS,NN,NN,pool,7625,7800,9255.04,9256.43,1.39,pool
2014,Year_1,60,Hayden,LS,NN,NN,pool,7500,7650,9254.98,9256.43,1.45,
2015,Year_2,60,Hayden,LS,NN,NN,pool,7525,7700,9254.53,9256.68,2.15,
2016,Year_3,60,Hayden,LS,NN,NN,pool,7550,7725,9254.38,9256.1,1.72,
2017,Year_4,60,Hayden,LS,NN,NN,pool,7750,7925,9254.83,9255.95,1.12,
2018,Year_5,60,Hayden,LS,NN,NN,pool,7675,7825,9255.14,9255.99,0.85,
2010_2013,Year_0,61,Hayden,PL,BV,72,pool,7850,7975,9253.34,9254.27,0.93,changed morphology to pool
2014,Year_1,61,Hayden,PL,BV,72,pool,7725,7850,9253.81,9254.95,1.14,
2015,Year_2,61,Hayden,PL,BV,72,pool,7750,7900,9253.23,9254.61,1.38,
2016,Year_3,61,Hayden,PL,BV,72,pool,7775,7925,9253.19,9254.72,1.53,boulder vane removed spring of 2016
2017,Year_4,61,Hayden,PL,BV,72,pool,8000,8150,9252.6,9255.04,2.44,
2018,Year_5,61,Hayden,PL,BV,72,pool,7900,8050,9252.69,9254.88,2.19,
2010_2013,Year_0,62,Hayden,LS,LV/WT,"74, 75",pool,8100,8350,9250.34,9251.53,1.19,pool
2014,Year_1,62,Hayden,LS,LV/WT,"74, 75",pool,8000,8225,9250.18,9252.22,2.04,
2015,Year_2,62,Hayden,LS,LV/WT,"74, 75",pool,8050,8275,9249.64,9252.96,3.32,
2016,Year_3,62,Hayden,LS,LV/WT,"74, 75",pool,8050,8300,9249.57,9253.08,3.51,
2017,Year_4,62,Hayden,LS,LV/WT,"74, 75",pool,8275,8525,9249.89,9252.86,2.97,
2018,Year_5,62,Hayden,LS,LV/WT,"74, 75",pool,8200,8450,9248.97,9252.89,3.92,
2010_2013,Year_0,63,Hayden,LS,LV/WT,"76, 77",pool,8450,8650,9249.62,9250.45,0.83,
2014,Year_1,63,Hayden,LS,LV/WT,"76, 77",pool,8300,8525,9248.31,9250.47,2.16,
2015,Year_2,63,Hayden,LS,LV/WT,"76, 77",pool,8375,8550,9248.28,9250.88,2.6,
2016,Year_3,63,Hayden,LS,LV/WT,"76, 77",pool,8400,8600,9247.81,9250.72,2.91,
2017,Year_4,63,Hayden,LS,LV/WT,"76, 77",pool,8625,8825,9248.25,9250.87,2.62,
2018,Year_5,63,Hayden,LS,LV/WT,"76, 77",pool,8550,8750,9247.89,9250.68,2.79,
2010_2013,Year_0,64,Hayden,LS,WT,80,pool,9075,9200,9245.58,9247.12,1.54,pool
2014,Year_1,64,Hayden,LS,WT,80,pool,8950,9050,9246.75,9247.69,0.94,
2015,Year_2,64,Hayden,LS,WT,80,pool,9000,9125,9245.58,9247.23,1.65,
2016,Year_3,64,Hayden,LS,WT,80,pool,9050,9150,9245.41,9247.07,1.66,
2017,Year_4,64,Hayden,LS,WT,80,pool,9250,9375,9245.68,9246.86,1.18,
2018,Year_5,64,Hayden,LS,WT,80,pool,9175,9300,9245.62,9246.81,1.19,
2010_2013,Year_0,65,Hayden,LS,LV,81,pool,9200,9300,9245.03,9246.2,1.17,
2014,Year_1,65,Hayden,LS,LV,81,pool,9050,9175,9246.7,9247.65,0.95,
2015,Year_2,65,Hayden,LS,LV,81,pool,9125,9225,9246.53,9247.01,0.48,
2016,Year_3,65,Hayden,LS,LV,81,pool,9150,9275,9246.12,9247.05,0.93,
2017,Year_4,65,Hayden,LS,LV,81,pool,9375,9500,9245.92,9247.17,1.25,
2018,Year_5,65,Hayden,LS,LV,81,pool,9300,9425,9246.2,9246.76,0.56,
2010_2013,Year_0,66,Hayden,LS,NN,NN,riffle,9450,9575,0,0,0,riffle
2014,Year_1,66,Hayden,LS,NN,NN,riffle,9325,9500,9244.16,9244.44,0.28,"bad triangle in middle of pool, this may have been a borrow site for cobble"
2015,Year_2,66,Hayden,LS,NN,NN,riffle,9375,9500,9244.32,9244.48,0.16,"profile shows a riffle, but thalweg line may have missed center of the pool"
2016,Year_3,66,Hayden,LS,NN,NN,riffle,9425,9550,9244.05,9244.68,0.63,
2017,Year_4,66,Hayden,LS,NN,NN,riffle,9650,9775,0,0,0,"no evidence of pool, but profile may have missed pool"
2018,Year_5,66,Hayden,LS,NN,NN,riffle,9550,9700,9244.34,9244.7,0.36,
2010_2013,Year_0,67,Hayden,LS,WT,84,pool,9675,9825,9242.29,9243.32,1.03,
2014,Year_1,67,Hayden,LS,WT,84,pool,9550,9700,9243.1,9244.53,1.43,
2015,Year_2,67,Hayden,LS,WT,84,pool,9600,9750,9242.42,9243.83,1.41,
2016,Year_3,67,Hayden,LS,WT,84,pool,9650,9825,9242.35,9244.36,2.01,
2017,Year_4,67,Hayden,LS,WT,84,pool,9875,10050,9242.18,9244.26,2.08,
2018,Year_5,67,Hayden,LS,WT,84,pool,9800,9950,9242.39,9244.04,1.65,
2010_2013,Year_0,68,Hayden,LS,NN,NN,riffle,10400,10525,0,0,0,riffle
2014,Year_1,68,Hayden,LS,NN,NN,riffle,10250,10400,9239.1,9239.71,0.61,
2015,Year_2,68,Hayden,LS,NN,NN,riffle,10325,10450,9238.48,9239.47,0.99,
2016,Year_3,68,Hayden,LS,NN,NN,riffle,10375,10500,9238.55,9239.88,1.33,
2017,Year_4,68,Hayden,LS,NN,NN,riffle,10600,10725,9238.7,9239.75,1.05,
2018,Year_5,68,Hayden,LS,NN,NN,riffle,10525,10650,9238.72,9239.74,1.02,
2010_2013,Year_0,69,Hayden,PL,LV,87,riffle,10625,10775,0,0,0,riffle
2014,Year_1,69,Hayden,PL,LV,87,riffle,10500,10625,9237.08,9238.08,1,
2015,Year_2,69,Hayden,PL,LV,87,riffle,10575,10725,9237.09,9237.14,0.05,
2016,Year_3,69,Hayden,PL,LV,87,riffle,10625,10750,9236.96,9237.6,0.64,
2017,Year_4,69,Hayden,PL,LV,87,riffle,10850,11000,9237.21,9237.43,0.22,
2018,Year_5,69,Hayden,PL,LV,87,riffle,10775,10900,9236.94,9237.37,0.43,
2010_2013,Year_0,70,Hayden,LS,NN,NN,pool,10775,10875,9235.92,9237.73,1.81,pool
2014,Year_1,70,Hayden,LS,NN,NN,pool,10625,10725,9236.32,9237.61,1.29,
2015,Year_2,70,Hayden,LS,NN,NN,pool,10725,10800,9236.47,9237.22,0.75,
2016,Year_3,70,Hayden,LS,NN,NN,pool,10750,10850,9236.12,9236.68,0.56,
2017,Year_4,70,Hayden,LS,NN,NN,pool,11000,11100,9235.8,9237.04,1.24,
2018,Year_5,70,Hayden,LS,NN,NN,pool,10925,11000,9236.11,9236.85,0.74,
2010_2013,Year_0,71,Hayden,LS,LV,88,pool,10875,10950,9235.05,9236.39,1.34,
2014,Year_1,71,Hayden,LS,LV,88,pool,10725,10825,9235.97,9236.77,0.8,
2015,Year_2,71,Hayden,LS,LV,88,pool,10825,10900,9235.8,9236.91,1.11,
2016,Year_3,71,Hayden,LS,LV,88,pool,10850,10950,9235.53,9236.96,1.43,
2017,Year_4,71,Hayden,LS,LV,88,pool,11100,11175,9235.69,9236.73,1.04,
2018,Year_5,71,Hayden,LS,LV,88,pool,11000,11100,9235.5,9236.77,1.27,
2010_2013,Year_0,72,Hayden,LS,NN,NN,pool,10950,11050,9234.14,9235.46,1.32,changed morphology to pool
2014,Year_1,72,Hayden,LS,NN,NN,pool,10825,10900,9234.93,9235.85,0.92,
2015,Year_2,72,Hayden,LS,NN,NN,pool,10925,11000,9233.79,9234.83,1.04,
2016,Year_3,72,Hayden,LS,NN,NN,pool,10950,11025,9233.97,9235.52,1.55,
2017,Year_4,72,Hayden,LS,NN,NN,pool,11175,11275,9234.7,9235.57,0.87,
2018,Year_5,72,Hayden,LS,NN,NN,pool,11100,11200,9234.67,9235.66,0.99,
2010_2013,Year_0,73,Hayden,LS,LV/WT,"89, 90",pool,11050,11250,9233.55,9235.23,1.68,
2014,Year_1,73,Hayden,LS,LV/WT,"89, 90",pool,10900,11075,9233.7,9234.88,1.18,
2015,Year_2,73,Hayden,LS,LV/WT,"89, 90",pool,11000,11175,9233.12,9235.14,2.02,
2016,Year_3,73,Hayden,LS,LV/WT,"89, 90",pool,11025,11225,9232.98,9235.33,2.35,
2017,Year_4,73,Hayden,LS,LV/WT,"89, 90",pool,11300,11450,9233,9235.15,2.15,
2018,Year_5,73,Hayden,LS,LV/WT,"89, 90",pool,11200,11350,9232.97,9235.14,2.17,
2010_2013,Year_0,74,Hayden,MC,NN,NN,pool,11275,11325,9234.12,9234.56,0.44,changed morphology to pool
2014,Year_1,74,Hayden,MC,NN,NN,pool,11100,11175,9233.83,9234.84,1.01,
2015,Year_2,74,Hayden,MC,NN,NN,pool,11200,11275,9233.72,9233.79,0.07,
2016,Year_3,74,Hayden,MC,NN,NN,pool,11250,11300,0,0,0,appears to be a riffle
2017,Year_4,74,Hayden,MC,NN,NN,pool,11500,11575,0,0,0,appears to be a riffle
2018,Year_5,74,Hayden,MC,NN,NN,pool,11400,11475,0,0,0,appears to be a riffle
2010_2013,Year_0,75,Hayden,MC,BC,75,riffle,11325,11400,0,0,0,riffle
2014,Year_1,75,Hayden,MC,BC,75,riffle,11175,11250,9233.13,9234.25,1.12,
2015,Year_2,75,Hayden,MC,BC,75,riffle,11275,11350,0,0,0,
2016,Year_3,75,Hayden,MC,BC,75,riffle,11300,11400,9233.3,9233.64,0.34,interpreted as moving a bit downstream
2017,Year_4,75,Hayden,MC,BC,75,riffle,11550,11650,9233.33,9233.44,0.11,
2018,Year_5,75,Hayden,MC,BC,75,riffle,11475,11550,9233.26,9233.52,0.26,
2010_2013,Year_0,76,Hayden,LS,WT,92,riffle,11600,11800,0,0,0,riffle
2014,Year_1,76,Hayden,LS,WT,92,riffle,11450,11650,9230.84,9231.69,0.85,
2015,Year_2,76,Hayden,LS,WT,92,riffle,11550,11750,9230.41,9231.2,0.79,
2016,Year_3,76,Hayden,LS,WT,92,riffle,11575,11775,9230.37,9231.5,1.13,
2017,Year_4,76,Hayden,LS,WT,92,riffle,11850,12025,9230.4,9231.46,1.06,
2018,Year_5,76,Hayden,LS,WT,92,riffle,11775,11925,9230.19,9231,0.81,
2010_2013,Year_0,77,Hayden,LS,WT/CT,"97, 98",riffle,11850,12100,0,0,0,riffle; channel realignment location
2014,Year_1,77,Hayden,LS,WT/CT,"97, 98",riffle,11675,11950,9228.47,9230.04,1.57,bad triangle in middle of pool; RCZ is downstream grade control structure
2015,Year_2,77,Hayden,LS,WT/CT,"97, 98",riffle,11775,12050,9228.64,9230.58,1.94,RCZ is downstream grade control structure
2016,Year_3,77,Hayden,LS,WT/CT,"97, 98",riffle,11850,12100,9228.53,9229.77,1.23,RCZ is downstream grade control structure
2017,Year_4,77,Hayden,LS,WT/CT,"97, 98",riffle,12075,12350,9228.7,9230.63,1.93,RCZ is downstream grade control structure
2018,Year_5,77,Hayden,LS,WT/CT,"97, 98",riffle,12075,12250,9228.47,9230.03,1.56,RCZ is downstream grade control structure
2010_2013,Year_0,78,Hayden,LS,BV/BT,"102, 103",pool,12100,12300,9226.37,9227.26,0.89,changed morphology to pool; channel realignment location
2014,Year_1,78,Hayden,LS,BV/BT,"102, 103",pool,12000,12275,9226.81,9228.27,1.46,survey seems to cut across the pool a good amount
2015,Year_2,78,Hayden,LS,BV/BT,"102, 103",pool,12125,12375,9226.18,9228.12,1.94,pool moved downstream
2016,Year_3,78,Hayden,LS,BV/BT,"102, 103",pool,12150,12400,9225.47,9228.02,2.55,pool moved downstream
2017,Year_4,78,Hayden,LS,BV/BT,"102, 103",pool,12400,12650,9225.74,9227.96,2.22,pool moved downstream
2018,Year_5,78,Hayden,LS,BV/BT,"102, 103",pool,12300,12600,9225.83,9228.06,2.23,pool moved downstream
2010_2013,Year_0,79,Hayden,LS,NN,NN,pool,12500,12600,9224.82,9225.73,0.91,pool
2014,Year_1,79,Hayden,LS,NN,NN,pool,12450,12525,9224.72,9225.83,1.11,
2015,Year_2,79,Hayden,LS,NN,NN,pool,12550,12675,9224.29,9224.98,0.69,
2016,Year_3,79,Hayden,LS,NN,NN,pool,12600,12725,9224.32,9225.06,0.74,
2017,Year_4,79,Hayden,LS,NN,NN,pool,12875,13000,9223.52,9225.18,1.66,pool migrating downstream
2018,Year_5,79,Hayden,LS,NN,NN,pool,12775,12900,9223.97,9225.06,1.09,pool migrating downstream
2010_2013,Year_0,80,Hayden,PL,LV,105,pool,12700,12825,9221.33,9223.23,1.9,changed morphology to pool
2014,Year_1,80,Hayden,PL,LV,105,pool,12625,12850,9222.56,9223.27,0.71,
2015,Year_2,80,Hayden,PL,LV,105,pool,12775,13000,9222.39,9222.86,0.47,
2016,Year_3,80,Hayden,PL,LV,105,pool,12850,13000,9223.01,9223.58,0.57,
2017,Year_4,80,Hayden,PL,LV,105,pool,13100,13250,9222.22,9223.69,1.47,
2018,Year_5,80,Hayden,PL,LV,105,pool,13025,13150,9221.76,9223.8,2.04,
2010_2013,Year_0,81,Hayden,LS,NN,NN,pool,12875,13100,9221.03,9222.62,1.59,
2014,Year_1,81,Hayden,LS,NN,NN,pool,12800,13025,9221.03,9222.14,1.11,
2015,Year_2,81,Hayden,LS,NN,NN,pool,12975,13200,9221.04,9222.28,1.24,
2016,Year_3,81,Hayden,LS,NN,NN,pool,13025,13250,9220.97,9222.43,1.46,
2017,Year_4,81,Hayden,LS,NN,NN,pool,13300,13500,9221.26,9222.44,1.18,
2018,Year_5,81,Hayden,LS,NN,NN,pool,13200,13425,9221.26,9222.37,1.11,
2010_2013,Year_0,82,Hayden,LS,NN,NN,pool,13275,13425,9217.9,9220.19,2.29,pool
2014,Year_1,82,Hayden,LS,NN,NN,pool,13225,13325,9218.6,9219.72,1.12,
2015,Year_2,82,Hayden,LS,NN,NN,pool,13375,13550,9218.39,9219.38,0.99,
2016,Year_3,82,Hayden,LS,NN,NN,pool,13425,13625,9217.96,9219.28,1.32,
2017,Year_4,82,Hayden,LS,NN,NN,pool,13700,13925,9218,9219.36,1.36,
2018,Year_5,82,Hayden,LS,NN,NN,pool,13600,13725,9218.1,9219.1,1,
2010_2013,Year_0,83,Hayden,LS,LV/WT,"107, 108",pool,13750,13925,9214.9,9215.62,0.72,pool
2014,Year_1,83,Hayden,LS,LV/WT,"107, 108",pool,13650,13825,9215.47,9216.01,0.54,not much of a pool here
2015,Year_2,83,Hayden,LS,LV/WT,"107, 108",pool,13850,14000,9215.14,9215.39,0.25,
2016,Year_3,83,Hayden,LS,LV/WT,"107, 108",pool,13875,14050,9215.11,9215.76,0.65,
2017,Year_4,83,Hayden,LS,LV/WT,"107, 108",pool,14150,14350,9214.94,9215.6,0.66,
2018,Year_5,83,Hayden,LS,LV/WT,"107, 108",pool,14075,14250,9214.82,9215.61,0.79,
2010_2013,Year_0,84,Hayden,LS,NN,NN,pool,14975,15125,9206.38,9207.65,1.27,pool
2014,Year_1,84,Hayden,LS,NN,NN,pool,14875,15000,9206.95,9208.26,1.31,
2015,Year_2,84,Hayden,LS,NN,NN,pool,15050,15200,9207.4,9207.69,0.29,mostly filled in
2016,Year_3,84,Hayden,LS,NN,NN,pool,15125,15250,0,0,0,"appears to have filled in, looks like a riffle"
2017,Year_4,84,Hayden,LS,NN,NN,pool,15400,15575,9206.75,9206.89,0.14,
2018,Year_5,84,Hayden,LS,NN,NN,pool,15325,15450,9207.16,9207.41,0.25,
2010_2013,Year_0,85,Hayden,LS,BV/BT,"110, 111",pool,15100,15275,9204.1,9206.72,2.62,
2014,Year_1,85,Hayden,LS,BV/BT,"110, 111",pool,15000,15150,9205.43,9206.97,1.54,
2015,Year_2,85,Hayden,LS,BV/BT,"110, 111",pool,15175,15400,9203.36,9207.24,3.88,pool got really big this year; map shows that all surveys past 2014 kind of cut across head of 2014 pool
2016,Year_3,85,Hayden,LS,BV/BT,"110, 111",pool,15250,15450,9202.88,9207.57,4.69,maintenance was conducted in 2016
2017,Year_4,85,Hayden,LS,BV/BT,"110, 111",pool,15550,15750,9204.04,9207.4,3.36,
2018,Year_5,85,Hayden,LS,BV/BT,"110, 111",pool,15450,15625,9203.28,9207.49,4.21,
2010_2013,Year_0,86,Hayden,LS,LV/WT,"112,113",pool,15300,15550,9202.66,9205.08,2.42,pool
2014,Year_1,86,Hayden,LS,LV/WT,"112,113",pool,15150,15375,9203.2,9205.45,2.25,
2015,Year_2,86,Hayden,LS,LV/WT,"112,113",pool,15375,15600,9203.14,9205.04,1.9,
2016,Year_3,86,Hayden,LS,LV/WT,"112,113",pool,15425,15650,9202.69,9205.48,2.79,
2017,Year_4,86,Hayden,LS,LV/WT,"112,113",pool,15725,15950,9203.16,9205.46,2.3,
2018,Year_5,86,Hayden,LS,LV/WT,"112,113",pool,15625,15850,9203.26,9205.54,2.28,
2010_2013,Year_0,87,Hayden,MC,NN,NN,pool,15550,15850,9203.33,9203.63,0.3,RCZ is located near station 15830; may have missed the heart of the pool
2014,Year_1,87,Hayden,MC,NN,NN,pool,15425,15600,9202.68,9204.3,1.62,
2015,Year_2,87,Hayden,MC,NN,NN,pool,15625,15800,9202.97,9204.1,1.13,
2016,Year_3,87,Hayden,MC,NN,NN,pool,15675,15900,9202.87,9204.17,1.3,
2017,Year_4,87,Hayden,MC,NN,NN,pool,15975,16200,9202.97,9204.13,1.16,
2018,Year_5,87,Hayden,MC,NN,NN,pool,15900,16150,9203.02,9203.95,0.93,
2010_2013,Year_0,88,Hayden,MC,NN,NN,riffle,15850,16025,0,0,0,riffle
2014,Year_1,88,Hayden,MC,NN,NN,riffle,15700,15850,9199.96,9202.08,2.12,
2015,Year_2,88,Hayden,MC,NN,NN,riffle,15925,16075,9201.56,9201.73,0.17,
2016,Year_3,88,Hayden,MC,NN,NN,riffle,15975,16725,0,0,0,
2017,Year_4,88,Hayden,MC,NN,NN,riffle,16275,16450,0,0,0,
2018,Year_5,88,Hayden,MC,NN,NN,riffle,16200,16350,0,0,0,
2010_2013,Year_0,91,Hayden,LS,LV,118,pool,16875,17100,9193.98,9195.73,1.75,pool
2014,Year_1,91,Hayden,LS,LV,118,pool,16700,16950,9194.26,9195.69,1.43,
2015,Year_2,91,Hayden,LS,LV,118,pool,16975,17225,9193.41,9195.21,1.8,
2016,Year_3,91,Hayden,LS,LV,118,pool,17075,17275,9193.75,9195.21,1.46,
2017,Year_4,91,Hayden,LS,LV,118,pool,17375,17600,9193.49,9195.37,1.88,
2018,Year_5,91,Hayden,LS,LV,118,pool,17275,17525,9193.54,9195.24,1.7,
2010_2013,Year_0,92,Hayden,LS,LV,120,pool,17275,17400,9191.35,9192.24,0.89,changed morphology to pool
2014,Year_1,92,Hayden,LS,LV,120,pool,17100,17250,9191.78,9192.4,0.62,
2016,Year_3,92,Hayden,LS,LV,120,pool,17450,17575,9192.2,9192.58,0.38,interpreted that pool went downstream
2017,Year_4,92,Hayden,LS,LV,120,pool,17750,17900,9192,9192.65,0.65,
2018,Year_5,92,Hayden,LS,LV,120,pool,17675,17825,9192.37,9192.42,0.05,
2010_2013,Year_0,93,Hayden,LS,BV,121,pool,17475,17650,9189.42,9190.07,0.65,pool
2014,Year_1,93,Hayden,LS,BV,121,pool,17300,17475,9188.6,9190.41,1.81,
2015,Year_2,93,Hayden,LS,BV,121,pool,17550,17750,9189.31,9190.02,0.71,
2016,Year_3,93,Hayden,LS,BV,121,pool,17650,17800,9188.79,9190.29,1.5,
2017,Year_4,93,Hayden,LS,BV,121,pool,17950,18125,9189.02,9190.11,1.09,
2018,Year_5,93,Hayden,LS,BV,121,pool,17875,18050,9189.1,9190.12,1.02,
2010_2013,Year_0,94,Hayden,LS,LV,124,riffle,17900,18025,0,0,0,riffle
2014,Year_1,94,Hayden,LS,LV,124,riffle,17725,17850,9185.66,9187,1.34,
2016,Year_3,94,Hayden,LS,LV,124,riffle,18075,18200,9186.67,9187.36,0.69,
2017,Year_4,94,Hayden,LS,LV,124,riffle,18400,18525,9186.56,9187.51,0.95,
2018,Year_5,94,Hayden,LS,LV,124,riffle,18325,18450,9186.36,9187.44,1.08,
2010_2013,Year_0,95,Hayden,MC,NN,NN,pool,18125,18300,0,0,0,pool designation but doesn't show up on long-pro
2014,Year_1,95,Hayden,MC,NN,NN,pool,17950,18100,9185.13,9185.75,0.62,
2015,Year_2,95,Hayden,MC,NN,NN,pool,18200,18375,9184.61,9185.1,0.49,
2016,Year_3,95,Hayden,MC,NN,NN,pool,18300,18450,9184.42,9185.44,1.02,
2017,Year_4,95,Hayden,MC,NN,NN,pool,18625,18800,9184.52,9185.41,0.89,
2018,Year_5,95,Hayden,MC,NN,NN,pool,18550,18700,9184.49,9185.21,0.72,
2010_2013,Year_0,96,Hayden,PL,LV,127,pool,18500,18600,9182.58,9183.24,0.66,changed morphology to pool
2014,Year_1,96,Hayden,PL,LV,127,pool,18325,18425,9182.99,9183.33,0.34,
2016,Year_3,96,Hayden,PL,LV,127,pool,18675,18775,9182.47,9182.89,0.42,
2017,Year_4,96,Hayden,PL,LV,127,pool,19050,19150,9182.64,9183.27,0.63,
2018,Year_5,96,Hayden,PL,LV,127,pool,18950,19050,9182.59,9183,0.41,
2010_2013,Year_0,98,Hayden,PL,LV,129,riffle,18675,18750,0,0,0,
2014,Year_1,98,Hayden,PL,LV,129,riffle,18475,18550,9181.34,9182.28,0.94,
2015,Year_2,98,Hayden,PL,LV,129,riffle,18750,18825,9180.91,9181.95,1.04,pool 97 and 98 kind of got absorbed and combined here
2016,Year_3,98,Hayden,PL,LV,129,riffle,18850,18950,9180.86,9181.55,0.69,
2017,Year_4,98,Hayden,PL,LV,129,riffle,19225,19300,9180.96,9181.87,0.91,
2018,Year_5,98,Hayden,PL,LV,129,riffle,19125,19200,9180.94,9181.97,1.03,
2010_2013,Year_0,99,Hayden,PL,LV,130,pool,18750,18800,9179.98,9181.53,1.55,
2015,Year_2,99,Hayden,PL,LV,130,pool,18825,18900,9180.1,9181.29,1.19,
2016,Year_3,99,Hayden,PL,LV,130,pool,18925,19000,9179.68,9180.78,1.1,log vane removed in 2016
2017,Year_4,99,Hayden,PL,LV,130,pool,19275,19350,9179.73,9181.33,1.6,
2018,Year_5,99,Hayden,PL,LV,130,pool,19175,19275,9179.73,9181.45,1.72,
2010_2013,Year_0,100,Hayden,LS,BV,131,pool,18800,18900,9179.98,9181.53,1.55,single pool that was divided into pools #99 and #100 with vanes in 2014
2014,Year_1,100,Hayden,LS,BV,131,pool,18625,18700,9180.54,9181.52,0.98,
2015,Year_2,100,Hayden,LS,BV,131,pool,18900,19000,9179.88,9181.12,1.24,
2016,Year_3,100,Hayden,LS,BV,131,pool,19000,19125,9179.76,9180.88,1.12,
2017,Year_4,100,Hayden,LS,BV,131,pool,19350,19450,9179.81,9181.08,1.27,
2018,Year_5,100,Hayden,LS,BV,131,pool,19250,19375,9179.85,9181,1.15,
